Date,Time,Country,Competition,Season,HomeTeam,AwayTeam,URL,FT_HomeScore,FT_AwayScore,HT_HomeScore,HT_AwayScore,SH_HomeScore,SH_AwayScore,FT_HomeOdds,FT_DrawOdds,FT_AwayOdds,1H_HomeOdds,1H_DrawOdds,1H_AwayOdds,SH_HomeOdds,SH_DrawOdds,SH_AwayOdds,OU05_Over,OU05_Under,OU15_Over,OU15_Under,OU25_Over,OU25_Under,OU35_Over,OU35_Under,OU45_Over,OU45_Under,OU55_Over,OU55_Under,BTTS_Yes,BTTS_No,BTTS_1H_Yes,BTTS_1H_No,BTTS_2H_Yes,BTTS_2H_No,DNB_Home,DNB_Away,DC_FT_1X,DC_FT_12,DC_FT_X2,DC_1H_1X,DC_1H_12,DC_1H_X2,DC_2H_1X,DC_2H_12,DC_2H_X2,FT_HomeTeam_Form_Last5_Pts,FT_HomeTeam_Scoring_Momentum_L3,FT_HomeTeam_Defense_Leak_L3,FT_HomeTeam_Games_Played_L14D,FT_AwayTeam_Form_Last5_Pts,FT_AwayTeam_Scoring_Momentum_L3,FT_AwayTeam_Defense_Leak_L3,FT_AwayTeam_Games_Played_L14D,HT_HomeTeam_Form_Last5_Pts,HT_HomeTeam_Scoring_Momentum_L3,HT_HomeTeam_Defense_Leak_L3,HT_HomeTeam_Games_Played_L14D,HT_AwayTeam_Form_Last5_Pts,HT_AwayTeam_Scoring_Momentum_L3,HT_AwayTeam_Defense_Leak_L3,HT_AwayTeam_Games_Played_L14D,SH_HomeTeam_Form_Last5_Pts,SH_HomeTeam_Scoring_Momentum_L3,SH_HomeTeam_Defense_Leak_L3,SH_HomeTeam_Games_Played_L14D,SH_AwayTeam_Form_Last5_Pts,SH_AwayTeam_Scoring_Momentum_L3,SH_AwayTeam_Defense_Leak_L3,SH_AwayTeam_Games_Played_L14D,Market_Prob_Home,Market_Prob_Draw,Market_Prob_Away,Market_Strength_Delta,Predicted_FT_HomeScore,Predicted_FT_HomeScore_Conservative,Predicted_FT_HomeScore_Exciting,Predicted_FT_HomeScore_Underdog,Predicted_FT_HomeScore_Defensive,Predicted_FT_HomeScore_Form-Heavy,Predicted_FT_AwayScore,Predicted_FT_AwayScore_Conservative,Predicted_FT_AwayScore_Exciting,Predicted_FT_AwayScore_Underdog,Predicted_FT_AwayScore_Defensive,Predicted_FT_AwayScore_Form-Heavy,Predicted_HT_HomeScore,Predicted_HT_HomeScore_Conservative,Predicted_HT_HomeScore_Exciting,Predicted_HT_HomeScore_Underdog,Predicted_HT_HomeScore_Defensive,Predicted_HT_HomeScore_Form-Heavy,Predicted_HT_AwayScore,Predicted_HT_AwayScore_Conservative,Predicted_HT_AwayScore_Exciting,Predicted_HT_AwayScore_Underdog,Predicted_HT_AwayScore_Defensive,Predicted_HT_AwayScore_Form-Heavy,Predicted_SH_HomeScore,Predicted_SH_HomeScore_Conservative,Predicted_SH_HomeScore_Exciting,Predicted_SH_HomeScore_Underdog,Predicted_SH_HomeScore_Defensive,Predicted_SH_HomeScore_Form-Heavy,Predicted_SH_AwayScore,Predicted_SH_AwayScore_Conservative,Predicted_SH_AwayScore_Exciting,Predicted_SH_AwayScore_Underdog,Predicted_SH_AwayScore_Defensive,Predicted_SH_AwayScore_Form-Heavy,Prob_Home,Prob_Draw,Prob_Away,EV_Home,EV_Draw,EV_Away,Most_Probable_Home_Score,Most_Probable_Away_Score,Engine_Match_Narrative_Conservative,Engine_Match_Narrative_Exciting,Engine_Match_Narrative_Underdog,Engine_Match_Narrative_Defensive,Engine_Match_Narrative_Form-Heavy
22 Aug 2026,21:30:00,England,Premier League,2026,Hull,Manchester Utd,https://www.oddsportal.com/football/england/premier-league/hull-city-manchester-united-zc0VjBZF/,,,,,,,7.0,4.5,1.4,7.0,2.4,1.91,6.0,2.75,1.73,1.05,13.0,1.25,4.1,1.81,2.09,3.0,1.43,5.5,1.15,11.0,1.05,1.89,1.8,3.17,3.9,3.75,1.25,5.2,1.13,2.75,1.18,1.1,1.83,1.44,1.13,1.95,1.4,1.13,6.0,1.0,1.0,2.0,13.0,2.0,0.6666666666666666,2.0,9.0,0.6666666666666666,0.6666666666666666,2.0,13.0,1.0,0.0,2.0,4.0,0.3333333333333333,0.3333333333333333,2.0,5.0,1.0,0.6666666666666666,2.0,0.1323529411764706,0.20588235294117646,0.661764705882353,-0.5294117647058825,1.0173365,1.0173365,1.9260047316551208,0.8138691902160645,0.6104018926620484,0.9562962985038757,1.8393197,1.8393197,3.158979558944702,3.0750475883483883,1.1035918235778808,2.2439700412750243,0.46695247,0.46695247,0.5836905911564827,0.3735619783401489,0.2801714837551117,0.438935324549675,0.7668423,0.7668423,0.9585528820753098,1.5735792279243468,0.46010538339614865,0.9355476129055023,0.6049526,0.6049526,0.7561907172203064,0.4839620590209961,0.36297154426574707,0.5686554193496703,0.98291653,0.98291653,1.2286456674337387,1.8760831475257873,0.5897499203681945,1.199158171415329,19.267438527353363,25.501801216637777,55.23076025600886,34.87206969147354,14.758105474869998,-22.676935641587605,1,1,"In this highly anticipated English Premier League clash between Hull and Manchester Utd, the Conservative model anticipates a tightly contested 1-1 draw, reflecting the evenly matched underlying stats. **Confidence Level:** ★☆☆☆☆","In this highly anticipated English Premier League clash between Hull and Manchester Utd, expect an entertaining, high-tempo clash! The Exciting model predicts Manchester Utd will outgun their hosts in a 3-2 victory. The 2nd half is where Manchester Utd really turns up the heat, expecting to outscore their opponents after the break. **Confidence Level:** ★★☆☆☆","In this highly anticipated English Premier League clash between Hull and Manchester Utd, spotting a potential upset, the Underdog model boldly backs Manchester Utd to defy the odds with a 3-1 away win. **Confidence Level:** ★★☆☆☆","In this highly anticipated English Premier League clash between Hull and Manchester Utd, expecting a cagey affair with minimal chances, the Defensive model strongly predicts a low-scoring 1-1 draw. **Confidence Level:** ★☆☆☆☆","In this highly anticipated English Premier League clash between Hull and Manchester Utd, respecting current trajectories, the Form-Heavy model tips the in-form Manchester Utd for a 2-1 away victory. **Confidence Level:** ★★☆☆☆"
25 Aug 2026,05:00:00,England,Premier League,2026,Fulham,Chelsea,https://www.oddsportal.com/football/england/premier-league/chelsea-fulham-C2Nfvg77/,,,,,,,3.0,3.5,2.15,3.4,2.38,2.75,3.0,2.63,2.5,1.03,16.0,1.2,4.6,1.66,2.32,2.6,1.54,4.6,1.2,9.1,1.07,1.51,2.36,3.75,1.25,2.75,1.4,2.24,1.59,1.67,1.29,1.36,1.4,1.53,1.3,1.67,4.27,5.5,7.0,1.0,0.6666666666666666,2.0,4.0,1.3333333333333333,1.3333333333333333,2.0,8.0,0.6666666666666666,0.3333333333333333,2.0,4.0,0.6666666666666666,0.6666666666666666,2.0,6.0,0.3333333333333333,0.3333333333333333,2.0,4.0,0.6666666666666666,0.6666666666666666,2.0,0.30745658835546474,0.2635342185903984,0.4290091930541369,-0.12155260469867213,1.6342311,1.6342311,2.8513466358184814,1.3073848724365236,0.9805386543273925,1.6015464687347412,1.5478679,1.5478679,2.7218018412590026,2.6670150518417355,0.928720736503601,1.3311663889884948,0.63750935,0.63750935,0.796886682510376,0.5100074768066406,0.3825056076049805,0.6247591590881347,0.6588195,0.6588195,0.8235243707895279,1.422347295284271,0.3952916979789734,0.5665847671031952,0.7994381,0.7994381,0.9992976486682892,0.6395504951477051,0.4796628713607788,0.7834493565559387,0.85535926,0.85535926,1.0691990703344345,1.6975029587745665,0.5132155537605285,0.7356089603900909,38.744860069049984,26.208181084897365,35.046958846052654,16.23458020714996,-8.27136620285922,-24.649038480986807,1,1,"In this highly anticipated English Premier League clash between Fulham and Chelsea, the Conservative model anticipates a tightly contested 1-1 draw, reflecting the evenly matched underlying stats. **Confidence Level:** ★☆☆☆☆","In this highly anticipated English Premier League clash between Fulham and Chelsea, with both teams expected to play expansively, the Exciting model forecasts an action-packed 3-3 draw. The 2nd half is where Chelsea really turns up the heat, expecting to outscore their opponents after the break. **Confidence Level:** ★☆☆☆☆","In this highly anticipated English Premier League clash between Fulham and Chelsea, spotting a potential upset, the Underdog model boldly backs Chelsea to defy the odds with a 3-1 away win. **Confidence Level:** ★☆☆☆☆","In this highly anticipated English Premier League clash between Fulham and Chelsea, expecting a cagey affair with minimal chances, the Defensive model strongly predicts a low-scoring 1-1 draw. **Confidence Level:** ★☆☆☆☆","In this highly anticipated English Premier League clash between Fulham and Chelsea, riding the wave of recent momentum, the Form-Heavy model backs Fulham to cruise to a 2-1 win. **Confidence Level:** ★☆☆☆☆"
22 Aug 2026,05:00:00,England,Premier League,2026,Arsenal,Coventry,https://www.oddsportal.com/football/england/premier-league/arsenal-coventry-2q2NhX43/,,,,,,,1.17,7.4,16.0,1.53,2.88,13.0,1.4,3.25,11.0,1.03,17.0,1.2,4.9,1.62,2.43,2.5,1.56,4.45,1.22,8.5,1.08,2.5,1.5,6.5,1.11,4.5,1.18,1.02,11.0,1.04,1.1,5.0,1.01,1.4,2.38,1.18,7.5,14.5,13.0,1.3333333333333333,0.3333333333333333,1.0,11.0,4.0,0.6666666666666666,3.0,11.0,0.3333333333333333,0.0,1.0,9.0,1.3333333333333333,0.3333333333333333,3.0,8.0,1.0,0.3333333333333333,1.0,11.0,2.6666666666666665,0.3333333333333333,3.0,0.8121938838507868,0.12841443839262437,0.05939167775658878,0.752802206094198,1.7407656,1.7407656,3.0111483573913573,1.3926124572753906,1.044459342956543,2.1237339973449707,0.9004722,0.9004722,1.1255902796983719,1.7606611132621763,0.5402833342552185,1.026538335084915,0.65550226,0.65550226,0.8193778246641159,0.5244018077850342,0.3933013558387756,0.7997127568721771,0.42726895,0.42726895,0.5340861901640892,1.0981765329837798,0.2563613712787628,0.4870866054296493,0.9085851,0.9085851,1.1357313394546509,0.7268680572509766,0.5451510429382324,1.1084737873077393,0.5447557,0.5447557,0.6809446215629578,1.2626579761505128,0.3268534183502197,0.6210214948654175,55.767626579856596,26.42478865780073,17.807584762342678,-34.75187690156778,95.54343606772542,184.92135619748282,1,1,"In this highly anticipated English Premier League clash between Arsenal and Coventry, the Conservative model anticipates a tightly contested 1-1 draw, reflecting the evenly matched underlying stats. **Confidence Level:** ★☆☆☆☆","In this highly anticipated English Premier League clash between Arsenal and Coventry, focusing purely on attacking potential, the Exciting model tips Arsenal to unleash their firepower in a 3-1 thriller. Watch for a massive 2nd half surge from Arsenal, who are notoriously strong finishers in this scenario. **Confidence Level:** ★★☆☆☆","In this highly anticipated English Premier League clash between Arsenal and Coventry, spotting a potential upset, the Underdog model boldly backs Coventry to defy the odds with a 2-1 away win. A huge underdog opportunity! At odds of 16.00, Coventry is a highly lucrative pick. **Confidence Level:** ★☆☆☆☆","In this highly anticipated English Premier League clash between Arsenal and Coventry, expecting a cagey affair with minimal chances, the Defensive model strongly predicts a low-scoring 1-1 draw. **Confidence Level:** ★☆☆☆☆","In this highly anticipated English Premier League clash between Arsenal and Coventry, riding the wave of recent momentum, the Form-Heavy model backs Arsenal to cruise to a 2-1 win. **Confidence Level:** ★★☆☆☆"
23 Aug 2026,23:00:00,England,Premier League,2026,Brighton,Aston Villa,https://www.oddsportal.com/football/england/premier-league/aston-villa-brighton-Mkz9mcpL/,,,,,,,2.25,3.6,2.88,2.75,2.38,3.25,2.5,2.63,3.0,1.03,16.0,1.2,4.75,1.65,2.35,2.52,1.54,4.5,1.21,8.5,1.08,1.49,2.42,3.75,1.25,2.63,1.44,1.67,2.1,1.4,1.29,1.62,1.33,1.53,1.4,2.95,3.95,2.8,6.0,1.0,1.3333333333333333,2.0,10.0,2.6666666666666665,1.6666666666666667,2.0,7.0,0.6666666666666666,0.6666666666666666,2.0,7.0,0.6666666666666666,0.6666666666666666,2.0,7.0,0.3333333333333333,0.6666666666666666,2.0,13.0,2.0,1.0,2.0,0.41558441558441556,0.25974025974025977,0.3246753246753247,0.09090909090909088,1.6726803,1.6726803,2.909020388126373,1.3381442070007326,1.0036081552505494,1.5723194432258605,1.5709561,1.5709561,2.756434166431427,2.6993385553359985,0.9425736665725708,1.728051722049713,0.7194709,0.7194709,0.8993386477231979,0.5755767345428467,0.431682550907135,0.6763026630878448,0.67184263,0.67184263,0.8398032933473587,1.4405796885490418,0.40310558080673214,0.7390268981456756,0.84615886,0.84615886,1.0576985776424408,0.6769270896911621,0.5076953172683716,0.7953893303871155,0.7753918,0.7753918,0.9692397713661194,1.5855485439300536,0.4652350902557373,0.8529309988021849,39.216507774275144,25.884574431847263,34.89891779387759,-11.76285750788093,-6.815532045349848,0.508883246367442,1,1,"In this highly anticipated English Premier League clash between Brighton and Aston Villa, the Conservative model anticipates a tightly contested 1-1 draw, reflecting the evenly matched underlying stats. **Confidence Level:** ★☆☆☆☆","In this highly anticipated English Premier League clash between Brighton and Aston Villa, with both teams expected to play expansively, the Exciting model forecasts an action-packed 3-3 draw. Watch for a massive 2nd half surge from Brighton, who are notoriously strong finishers in this scenario. **Confidence Level:** ★☆☆☆☆","In this highly anticipated English Premier League clash between Brighton and Aston Villa, spotting a potential upset, the Underdog model boldly backs Aston Villa to defy the odds with a 3-1 away win. A huge underdog opportunity! At odds of 2.88, Aston Villa is a highly lucrative pick. **Confidence Level:** ★☆☆☆☆","In this highly anticipated English Premier League clash between Brighton and Aston Villa, expecting a cagey affair with minimal chances, the Defensive model strongly predicts a low-scoring 1-1 draw. **Confidence Level:** ★☆☆☆☆","In this highly anticipated English Premier League clash between Brighton and Aston Villa, with recent form failing to separate the sides, the Form-Heavy model settles on a 2-2 draw. **Confidence Level:** ★☆☆☆☆"
23 Aug 2026,00:00:00,England,Premier League,2026,Nottingham,Leeds,https://www.oddsportal.com/football/england/premier-league/leeds-nottingham-pjhHs7d2/,,,,,,,2.2,3.4,3.2,2.75,2.2,3.6,2.5,2.5,3.2,1.05,11.0,1.29,3.75,1.95,1.97,3.4,1.35,6.3,1.13,14.5,1.04,1.68,2.04,4.33,1.2,3.25,1.33,1.59,2.24,1.36,1.3,1.67,1.24,1.58,1.37,2.98,3.5,2.61,5.0,1.3333333333333333,1.6666666666666667,2.0,8.0,0.6666666666666666,1.3333333333333333,3.0,7.0,0.3333333333333333,0.3333333333333333,2.0,7.0,0.0,0.0,3.0,3.0,1.0,1.3333333333333333,2.0,8.0,0.6666666666666666,1.3333333333333333,3.0,0.42834645669291344,0.2771653543307087,0.29448818897637796,0.13385826771653547,1.6361164,1.6361164,2.8541745781898498,1.30889310836792,0.9816698312759399,1.4725047469139099,1.2363557,1.2363557,2.2545334935188293,2.2308979272842406,0.7418133974075317,1.261082775592804,0.6198113,0.6198113,0.7747641205787659,0.4958490371704102,0.3718867778778076,0.5578301668167114,0.53901964,0.53901964,0.6737745553255081,1.2546275019645692,0.32341178655624386,0.5498000371456147,0.8632902,0.8632902,1.0791127383708954,0.6906321525573731,0.5179741144180298,0.7769611716270446,0.6201634,0.6201634,0.7752042263746262,1.3682287335395813,0.37209802865982056,0.632566648721695,45.23769543840596,27.33621623489677,27.42608832669727,-0.477070035506888,-7.056864801350981,-12.236517354568743,1,1,"In this highly anticipated English Premier League clash between Nottingham and Leeds, the Conservative model anticipates a tightly contested 1-1 draw, reflecting the evenly matched underlying stats. **Confidence Level:** ★☆☆☆☆","In this highly anticipated English Premier League clash between Nottingham and Leeds, focusing purely on attacking potential, the Exciting model tips Nottingham to unleash their firepower in a 3-2 thriller. Watch for a massive 2nd half surge from Nottingham, who are notoriously strong finishers in this scenario. **Confidence Level:** ★☆☆☆☆","In this highly anticipated English Premier League clash between Nottingham and Leeds, spotting a potential upset, the Underdog model boldly backs Leeds to defy the odds with a 2-1 away win. A huge underdog opportunity! At odds of 3.20, Leeds is a highly lucrative pick. **Confidence Level:** ★☆☆☆☆","In this highly anticipated English Premier League clash between Nottingham and Leeds, expecting a cagey affair with minimal chances, the Defensive model strongly predicts a low-scoring 1-1 draw. **Confidence Level:** ★☆☆☆☆","In this highly anticipated English Premier League clash between Nottingham and Leeds, with recent form failing to separate the sides, the Form-Heavy model settles on a 1-1 draw. **Confidence Level:** ★☆☆☆☆"
23 Aug 2026,00:00:00,England,Premier League,2026,Ipswich,Sunderland,https://www.oddsportal.com/football/england/premier-league/ipswich-sunderland-Cxf9qTRk/,,,,,,,2.72,3.3,2.62,3.25,2.1,3.2,2.88,2.4,2.88,1.06,10.0,1.31,3.7,1.99,1.92,3.4,1.35,6.6,1.11,15.07,1.04,1.75,2.0,3.5,3.2,3.4,1.3,1.9,1.82,1.5,1.36,1.44,1.36,1.67,1.33,3.5,3.2,2.4,5.0,1.6666666666666667,1.6666666666666667,1.0,8.0,1.6666666666666667,0.6666666666666666,2.0,5.0,0.3333333333333333,0.3333333333333333,1.0,7.0,0.3333333333333333,0.3333333333333333,2.0,7.0,1.3333333333333333,1.3333333333333333,1.0,5.0,1.3333333333333333,0.3333333333333333,2.0,0.34935591795833265,0.2879539687414136,0.36269011330025375,-0.013334195341921096,1.4133432,1.4133432,2.520014786720276,1.1306745529174804,0.8480059146881104,1.2720088720321654,1.3478082,1.3478082,2.421712362766266,2.386931538581848,0.8086849451065063,1.374764406681061,0.59955645,0.59955645,0.7494455575942993,0.4796451568603516,0.35973386764526366,0.5396008014678955,0.5576283,0.5576283,0.6970353424549103,1.2806795835494995,0.33457696437835693,0.5687808394432068,0.77519554,0.77519554,0.9689944237470627,0.6201564311981201,0.4651173233985901,0.6976759850978851,0.6767573,0.6767573,0.8459465950727463,1.4474601864814758,0.4060543656349182,0.690292421579361,37.19462713183464,28.600853964831057,34.204518903334304,1.1693857985902278,-5.617181916057512,-10.384160473264126,1,1,"In this highly anticipated English Premier League clash between Ipswich and Sunderland, the Conservative model anticipates a tightly contested 1-1 draw, reflecting the evenly matched underlying stats. 💡 **Reality Check:** Bookmakers expect a tight contest (2.72 vs 2.62). Rather than taking a risky match result, the data highlights **Both Teams to Score (BTTS - Yes)** as the primary target. **Confidence Level:** ★☆☆☆☆","In this highly anticipated English Premier League clash between Ipswich and Sunderland, focusing purely on attacking potential, the Exciting model tips Ipswich to unleash their firepower in a 3-2 thriller. **Confidence Level:** ★☆☆☆☆","In this highly anticipated English Premier League clash between Ipswich and Sunderland, spotting a potential upset, the Underdog model boldly backs Sunderland to defy the odds with a 2-1 away win. A huge underdog opportunity! At odds of 2.62, Sunderland is a highly lucrative pick. **Confidence Level:** ★☆☆☆☆","In this highly anticipated English Premier League clash between Ipswich and Sunderland, expecting a cagey affair with minimal chances, the Defensive model strongly predicts a low-scoring 1-1 draw. **Confidence Level:** ★☆☆☆☆","In this highly anticipated English Premier League clash between Ipswich and Sunderland, with recent form failing to separate the sides, the Form-Heavy model settles on a 1-1 draw. **Confidence Level:** ★☆☆☆☆"
24 Aug 2026,01:30:00,England,Premier League,2026,Newcastle,Liverpool,https://www.oddsportal.com/football/england/premier-league/liverpool-newcastle-utd-4xKntFxe/,,,,,,,3.1,3.8,2.05,3.5,2.5,2.6,3.1,2.75,2.3,1.03,20.3,1.15,5.51,1.5,2.72,2.26,1.7,4.0,1.28,7.0,1.1,1.42,2.62,3.4,1.3,2.5,1.5,2.32,1.55,1.73,1.25,1.36,1.5,1.5,1.29,3.8,3.85,2.06,7.0,1.3333333333333333,1.3333333333333333,2.0,5.0,1.3333333333333333,2.0,2.0,7.0,0.6666666666666666,0.3333333333333333,2.0,5.0,0.3333333333333333,0.6666666666666666,2.0,4.0,0.6666666666666666,1.0,2.0,6.0,1.0,1.3333333333333333,2.0,0.30048216007714557,0.24513018322082927,0.4543876567020251,-0.1539054966248795,1.5593778,1.5593778,2.739066684246063,1.2475022315979005,0.9356266736984252,1.528190233707428,1.6675781,1.6675781,2.901367151737213,2.8346093416213987,1.0005468606948853,1.5008202910423278,0.6693977,0.6693977,0.8367471396923065,0.5355181694030762,0.40163862705230713,0.6560097575187683,0.7186012,0.7186012,0.8982515335083008,1.5060417175292968,0.43116073608398436,0.6467411041259765,0.8086476,0.8086476,1.0108094662427902,0.6469180583953857,0.4851885437965393,0.7924746215343476,0.8786424,0.8786424,1.0983029752969742,1.730099332332611,0.5271854281425475,0.7907781422138214,34.71624853628006,25.96453870568285,39.31921275803709,7.620370462468196,-1.3347529184051798,-19.395613846023984,1,1,"In this highly anticipated English Premier League clash between Newcastle and Liverpool, the Conservative model anticipates a tightly contested 1-1 draw, reflecting the evenly matched underlying stats. **Confidence Level:** ★☆☆☆☆","In this highly anticipated English Premier League clash between Newcastle and Liverpool, with both teams expected to play expansively, the Exciting model forecasts an action-packed 3-3 draw. The 2nd half is where Liverpool really turns up the heat, expecting to outscore their opponents after the break. **Confidence Level:** ★☆☆☆☆","In this highly anticipated English Premier League clash between Newcastle and Liverpool, spotting a potential upset, the Underdog model boldly backs Liverpool to defy the odds with a 3-1 away win. **Confidence Level:** ★☆☆☆☆","In this highly anticipated English Premier League clash between Newcastle and Liverpool, expecting a cagey affair with minimal chances, the Defensive model strongly predicts a low-scoring 1-1 draw. **Confidence Level:** ★☆☆☆☆","In this highly anticipated English Premier League clash between Newcastle and Liverpool, with recent form failing to separate the sides, the Form-Heavy model settles on a 2-2 draw. **Confidence Level:** ★☆☆☆☆"
23 Aug 2026,00:00:00,England,Premier League,2026,Everton,Crystal Palace,https://www.oddsportal.com/football/england/premier-league/crystal-palace-everton-rN3wkk4S/,,,,,,,2.1,3.4,3.2,2.75,2.25,3.75,1.84,3.55,5.23,1.05,11.0,1.29,3.75,1.94,1.97,3.27,1.36,6.3,1.13,14.94,1.04,1.69,2.02,4.33,1.2,3.25,1.33,1.54,2.36,1.36,1.3,1.7,1.25,1.57,1.4,1.84,3.55,5.23,4.0,2.6666666666666665,2.0,3.0,2.0,1.0,2.3333333333333335,3.0,5.0,1.6666666666666667,1.0,3.0,2.0,0.3333333333333333,1.3333333333333333,3.0,8.0,1.0,1.0,3.0,3.0,0.6666666666666666,1.0,3.0,0.4397736459175424,0.2716248989490704,0.28860145513338725,0.15117219078415517,1.6500907,1.6500907,2.8751360416412353,1.3200725555419923,0.9900544166564941,1.4190779972076415,1.3108858,1.3108858,2.366328680515289,2.3352401018142697,0.7865314722061157,1.0224909138679503,0.6742506,0.6742506,0.84281325340271,0.5394004821777344,0.40455036163330077,0.5798555183410644,0.5684423,0.5684423,0.7105528563261032,1.2958191990852357,0.3410653710365295,0.44338498234748835,0.9112568,0.9112568,1.139070987701416,0.7290054321289063,0.5467540740966796,0.7836808395385743,0.70631486,0.70631486,0.8828935772180557,1.4888408064842222,0.42378891706466676,0.5509255921840667,43.96309951388946,27.012221665424907,29.02467882068563,-7.677491020832128,-8.158446337555315,-7.121027773805988,1,1,"In this highly anticipated English Premier League clash between Everton and Crystal Palace, the Conservative model anticipates a tightly contested 1-1 draw, reflecting the evenly matched underlying stats. **Confidence Level:** ★☆☆☆☆","In this highly anticipated English Premier League clash between Everton and Crystal Palace, focusing purely on attacking potential, the Exciting model tips Everton to unleash their firepower in a 3-2 thriller. Watch for a massive 2nd half surge from Everton, who are notoriously strong finishers in this scenario. **Confidence Level:** ★☆☆☆☆","In this highly anticipated English Premier League clash between Everton and Crystal Palace, spotting a potential upset, the Underdog model boldly backs Crystal Palace to defy the odds with a 2-1 away win. A huge underdog opportunity! At odds of 3.20, Crystal Palace is a highly lucrative pick. **Confidence Level:** ★☆☆☆☆","In this highly anticipated English Premier League clash between Everton and Crystal Palace, expecting a cagey affair with minimal chances, the Defensive model strongly predicts a low-scoring 1-1 draw. **Confidence Level:** ★☆☆☆☆","In this highly anticipated English Premier League clash between Everton and Crystal Palace, with recent form failing to separate the sides, the Form-Heavy model settles on a 1-1 draw. **Confidence Level:** ★☆☆☆☆"
23 Aug 2026,23:00:00,England,Premier League,2026,Manchester City,Bournemouth,https://www.oddsportal.com/football/england/premier-league/bournemouth-manchester-city-ILLvry8r/,,,,,,,1.44,5.0,6.0,1.83,2.75,5.5,1.73,3.0,5.0,1.02,23.0,1.13,6.2,1.44,3.0,2.09,1.84,3.45,1.33,6.3,1.13,1.53,2.3,3.5,1.29,2.63,1.44,1.17,4.6,1.13,1.17,2.63,1.13,1.4,1.83,6.27,4.65,1.62,8.0,1.6666666666666667,1.0,3.0,9.0,1.0,0.6666666666666666,2.0,10.0,1.0,0.3333333333333333,3.0,8.0,0.3333333333333333,0.3333333333333333,2.0,9.0,0.6666666666666666,0.6666666666666666,3.0,10.0,0.6666666666666666,0.3333333333333333,2.0,0.6544502617801047,0.18848167539267016,0.15706806282722513,0.49738219895287955,2.085022,2.085022,3.527532958984375,1.6680175781250002,1.25101318359375,2.126722412109375,1.2050058,1.2050058,2.207508647441864,2.1870080709457396,0.7230034589767456,1.2773061108589172,0.8995157,0.8995157,1.1243946105241776,0.7196125507354737,0.5397094130516052,0.9175060021877289,0.55054724,0.55054724,0.6881840527057648,1.2707661390304565,0.3303283452987671,0.5835800766944885,1.1097804,1.1097804,2.064670646190643,0.8878243446350098,0.6658682584762573,1.1319760394096374,0.58758134,0.58758134,0.7344766706228256,1.3226138710975648,0.35254880189895627,0.6228362166881561,56.38227534866711,23.325588706616156,20.29213594471673,-18.80952349791937,16.627943533080792,21.752815668300386,1,1,"In this highly anticipated English Premier League clash between Manchester City and Bournemouth, the Conservative model anticipates a tightly contested 1-1 draw, reflecting the evenly matched underlying stats. **Confidence Level:** ★☆☆☆☆","In this highly anticipated English Premier League clash between Manchester City and Bournemouth, focusing purely on attacking potential, the Exciting model tips Manchester City to unleash their firepower in a 4-2 thriller. Watch for a massive 2nd half surge from Manchester City, who are notoriously strong finishers in this scenario. **Confidence Level:** ★★☆☆☆","In this highly anticipated English Premier League clash between Manchester City and Bournemouth, the Underdog model suggests Bournemouth has what it takes to frustrate Manchester City, predicting a resilient 2-2 draw. **Confidence Level:** ★☆☆☆☆","In this highly anticipated English Premier League clash between Manchester City and Bournemouth, expecting a cagey affair with minimal chances, the Defensive model strongly predicts a low-scoring 1-1 draw. **Confidence Level:** ★☆☆☆☆","In this highly anticipated English Premier League clash between Manchester City and Bournemouth, riding the wave of recent momentum, the Form-Heavy model backs Manchester City to cruise to a 2-1 win. **Confidence Level:** ★★☆☆☆"
23 Aug 2026,02:30:00,England,Premier League,2026,Brentford,Tottenham,https://www.oddsportal.com/football/england/premier-league/brentford-tottenham-EPW0kJF8/,,,,,,,2.25,3.5,2.88,2.88,2.38,3.25,2.6,2.63,2.88,1.04,15.48,1.21,4.57,1.67,2.33,2.63,1.52,4.75,1.2,9.2,1.07,1.51,2.34,3.75,1.25,2.75,1.4,1.67,2.1,1.4,1.29,1.62,1.36,1.5,1.36,1.4,1.44,1.4,5.0,1.0,2.0,2.0,10.0,1.0,1.0,3.0,6.0,0.3333333333333333,0.3333333333333333,2.0,8.0,0.3333333333333333,0.3333333333333333,3.0,8.0,0.6666666666666666,1.6666666666666667,2.0,6.0,0.6666666666666666,0.6666666666666666,3.0,0.4125230202578269,0.26519337016574585,0.32228360957642727,0.09023941068139962,1.4954048,1.4954048,2.643107259273529,1.1963238716125488,0.8972429037094116,1.3458643555641172,1.4463048,1.4463048,2.569457197189331,2.5248267173767087,0.8677828788757324,1.5909352779388426,0.66183096,0.66183096,0.8272887021303177,0.5294647693634034,0.39709857702255247,0.5956478655338286,0.60741186,0.60741186,0.7592648267745972,1.3503766059875488,0.36444711685180664,0.6681530475616454,0.7809796,0.7809796,0.9762244671583176,0.6247836589813233,0.4685877442359924,0.7028816163539886,0.8258549,0.8258549,1.0323186218738556,1.6561968564987182,0.49551293849945066,0.9084403872489928,37.32233041291541,27.533616741556337,35.14405284552825,-16.024756570940323,-3.632341404552819,1.2148721951213526,1,1,"In this highly anticipated English Premier League clash between Brentford and Tottenham, the Conservative model anticipates a tightly contested 1-1 draw, reflecting the evenly matched underlying stats. **Confidence Level:** ★☆☆☆☆","In this highly anticipated English Premier League clash between Brentford and Tottenham, with both teams expected to play expansively, the Exciting model forecasts an action-packed 3-3 draw. The 2nd half is where Tottenham really turns up the heat, expecting to outscore their opponents after the break. **Confidence Level:** ★☆☆☆☆","In this highly anticipated English Premier League clash between Brentford and Tottenham, spotting a potential upset, the Underdog model boldly backs Tottenham to defy the odds with a 3-1 away win. A huge underdog opportunity! At odds of 2.88, Tottenham is a highly lucrative pick. **Confidence Level:** ★☆☆☆☆","In this highly anticipated English Premier League clash between Brentford and Tottenham, expecting a cagey affair with minimal chances, the Defensive model strongly predicts a low-scoring 1-1 draw. **Confidence Level:** ★☆☆☆☆","In this highly anticipated English Premier League clash between Brentford and Tottenham, respecting current trajectories, the Form-Heavy model tips the in-form Tottenham for a 2-1 away victory. **Confidence Level:** ★☆☆☆☆"
